{
  "step_qonnx_to_finn": 0.00011038780212402344,
  "step_tidy_up": 0.10887885093688965,
  "step_streamline": 1.8064720630645752,
  "step_convert_to_hw": 0.0665290355682373,
  "step_create_dataflow_partition": 0.010108709335327148,
  "step_specialize_layers": 0.010055065155029297,
  "step_target_fps_parallelization": 0.015689373016357422,
  "step_apply_folding_config": 5.245208740234375e-06,
  "step_minimize_bit_width": 0.04629874229431152,
  "step_generate_estimate_reports": 4.76837158203125e-06,
  "step_hw_codegen": 8.9012770652771,
  "step_hw_ipgen": 148.26633214950562,
  "step_set_fifo_depths": 952.5870084762573,
  "step_create_stitched_ip": 2.0503997802734375e-05,
  "step_measure_rtlsim_performance": 3.337860107421875e-06,
  "step_out_of_context_synthesis": 5.4836273193359375e-06,
  "step_synthesize_bitfile": 21747.04718899727,
  "step_make_pynq_driver": 4.067461013793945,
  "step_deployment_package": 0.01601099967956543
}